24,-220,1012,17375
8,-204,1024,17398
12,-220,1012,17422
8,-212,996,17446
24,-204,1004,17470
12,-224,1000,17494
4,-228,1012,17518
0,-220,1028,17542
12,-228,1016,17566
16,-224,988,17589
4,-220,1000,17613
16,-220,996,17637
28,-212,1000,17661
28,-212,1008,17685
8,-232,1016,17709
4,-220,988,17733
20,-220,980,17757
16,-220,988,17781
12,-228,996,17804
0,-236,1012,17828
-8,-252,964,17852
0,-204,980,17876
4,-216,1004,17900
-8,-224,996,17924
12,-204,996,17948
12,-240,984,17974
12,-224,1016,17998
12,-232,1016,18022
8,-240,996,18046
4,-232,1020,18070
4,-228,1024,18094
0,-236,996,18117
4,-252,972,18142
4,-232,972,18166
-8,-248,976,18189
-32,-244,964,18213
-68,-176,900,18237
100,-660,144,18261
20,-164,-96,18285
-20,-420,-132,18309
-40,-608,72,18333
-8,-656,92,18357
-8,-656,92,18357
-4,-816,-32,18381
-4,-916,-8,18405
60,-1256,-84,18428
4,-1456,20,18452
32,-1644,4,18476
48,-1792,56,18500
8,-2000,132,18524
80,-2040,16,18551
48,-2040,32,18574
32,-2040,44,18599
40,-2040,332,18623
40,-2040,116,18647
52,-2040,108,18671
40,-2040,140,18695
28,-2040,56,18719
40,-2040,120,18742
32,-1872,148,18766
24,-1592,108,18790
32,-1416,132,18814
8,-1264,72,18838
-4,-1088,112,18862
20,-912,112,18886
-8,-684,92,18910
8,-568,104,18934
8,-492,92,18958
-8,-448,96,18981
0,-396,96,19005
-8,-400,84,19029
0,-440,76,19053
12,-472,64,19077
0,-540,76,19101
-8,-656,72,19125
4,-1036,68,19175
12,-1184,64,19199
20,-1336,72,19223
16,-1516,52,19247
36,-1816,36,19271
40,-1956,20,19295
28,-2040,20,19319
52,-2040,-36,19342
40,-2040,-48,19366
40,-2040,-32,19390
40,-2040,-44,19414
36,-2040,-32,19438
44,-2040,-20,19462
36,-2036,-56,19486
36,-1880,-56,19510
36,-1692,-100,19534
16,-1548,-100,19558
4,-1392,-68,19581
24,-1272,-80,19605
0,-980,-72,19629
4,-872,-64,19653
8,-756,-96,19677
0,-612,-136,19701
4,-520,-92,19729
-12,-516,-68,19752
0,-484,-96,19776
0,-480,-72,19800
-8,-516,-52,19824
-4,-576,-64,19848
8,-716,-88,19872
16,-824,-92,19895
16,-952,-60,19919
8,-1068,-28,19943
12,-1220,-16,19967
20,-1496,20,19991
20,-1624,12,20015
36,-1748,16,20039
32,-1872,28,20063
24,-1964,28,20087
32,-2040,52,20111
32,-2040,48,20134
36,-2040,72,20158
36,-2040,76,20182
28,-2040,96,20206
24,-1928,88,20230
24,-1824,100,20254
28,-1700,80,20278
24,-1572,100,20302
20,-1320,96,20329
12,-1176,92,20352
8,-1052,92,20376
12,-928,80,20400
12,-820,92,20424
0,-748,84,20448
4,-600,88,20472
4,-556,84,20496
-4,-540,80,20519
0,-536,112,20543
0,-548,68,20567
-4,-636,72,20591
8,-712,72,20615
8,-800,68,20639
-4,-904,64,20662
8,-1012,52,20687
12,-1256,48,20711
20,-1372,32,20734
20,-1504,32,20758
24,-1620,36,20782
24,-1732,32,20806
32,-1896,-12,20830
28,-1964,4,20854
36,-2000,32,20878
32,-2020,-12,20905
48,-1992,-80,20930
32,-1928,-4,20956
28,-1868,-12,20979
24,-1788,-44,21003
40,-1668,-112,21027
12,-1456,-40,21051
20,-1332,-68,21075
16,-1220,-68,21099
8,-1100,-88,21123
12,-984,-76,21147
4,-804,-76,21171
4,-732,-80,21194
0,-668,-96,21218
4,-632,-80,21242
-4,-600,-88,21266
-4,-612,-52,21290
4,-652,-48,21314
8,-688,-80,21338
8,-752,-76,21362
8,-824,-60,21386
28,-1020,-40,21410
8,-1124,-32,21433
12,-1228,-20,21457
16,-1340,-20,21481
16,-1456,4,21509
28,-1660,24,21535
20,-1740,16,21559
24,-1812,28,21583
40,-1864,8,21607
28,-1912,88,21631
40,-1908,52,21654
24,-1784,-68,21678
24,-1868,148,21702
28,-1700,92,21726
8,-1604,100,21750
28,-1488,96,21774
24,-1404,80,21798
8,-1284,84,21822
12,-1192,88,21846
4,-984,76,21870
0,-888,80,21893
12,-804,76,21917
-4,-752,88,21941
-4,-704,92,21965
12,-640,92,21990
0,-640,60,22016
4,-652,60,22040
4,-680,92,22064
4,-784,72,22091
8,-840,72,22114
4,-940,80,22138
4,-940,80,22138
12,-1020,48,22162
16,-1116,32,22186
16,-1316,36,22210
24,-1420,28,22234
20,-1520,20,22258
20,-1600,24,22282
28,-1676,4,22306
8,-1796,44,22330
24,-1816,8,22353
40,-1824,-80,22377
28,-1816,28,22401
36,-1804,-24,22424
28,-1700,-36,22450
24,-1628,-24,22476
20,-1524,-48,22500
20,-1444,-40,22524
24,-1352,-80,22548
12,-1152,-48,22572
8,-1056,-64,22596
20,-964,-88,22620
4,-896,-48,22644
4,-832,-76,22667
0,-732,-64,22697
0,-708,-68,22721
8,-692,-88,22745
4,-688,-44,22770
8,-736,-68,22796
12,-776,-88,22819
8,-856,-76,22843
4,-904,-20,22867
4,-1068,-36,22891
12,-1152,-32,22915
20,-1256,-32,22939
12,-1344,-24,22963
16,-1436,24,22987
20,-1588,12,23011
16,-1644,20,23034
28,-1692,16,23058
24,-1728,40,23082
28,-1748,52,23106
28,-1728,60,23130
36,-1864,-112,23154
16,-1608,112,23178
20,-1552,104,23202
12,-1536,68,23226
16,-1336,84,23251
12,-1252,60,23279
12,-1176,68,23303
16,-1092,84,23327
4,-932,76,23351
12,-860,76,23375
16,-800,76,23399
4,-760,72,23423
8,-728,76,23447
4,-704,72,23471
4,-720,84,23494
8,-748,56,23518
12,-768,60,23542
4,-820,52,23566
12,-948,52,23590
16,-1020,44,23614
12,-1104,48,23638
16,-1188,36,23662
20,-1276,36,23686
20,-1436,32,23711
28,-1496,-4,23737
20,-1556,32,23761
28,-1608,0,23785
28,-1640,-20,23808
24,-1676,-20,23832
28,-1664,-32,23856
4,-1628,76,23886
16,-1532,-12,23911
24,-1480,-36,23937
16,-1452,-52,23960
20,-1336,-48,23984
16,-1284,-44,24008
8,-1112,-52,24032
4,-1044,-56,24055
8,-976,-60,24080
12,-908,-72,24104
-4,-856,-60,24128
4,-780,-68,24152
0,-760,-60,24176
0,-760,-68,24199
4,-752,-56,24223
4,-772,-44,24247
8,-844,-60,24271
8,-892,-72,24295
12,-952,-52,24319
12,-1008,-52,24343
12,-1092,-52,24367
4,-1232,28,24391
16,-1316,-16,24414
16,-1384,0,24438
20,-1448,-8,24466
24,-1512,24,24490
20,-1584,24,24516
28,-1612,32,24540
24,-1616,36,24564
24,-1612,40,24588
24,-1556,56,24612
-4,-1440,68,24636
32,-1564,44,24659
16,-1376,44,24683
24,-1344,68,24707
12,-1192,80,24731
12,-1132,64,24755
8,-1032,64,24779
12,-980,64,24803
8,-928,68,24827
8,-816,68,24851
4,-784,72,24875
8,-772,68,24898
8,-768,64,24922
8,-768,68,24946
4,-776,68,24969
8,-836,60,24994
12,-880,60,25018
12,-948,40,25042
12,-1008,48,25069
12,-1132,44,25093
24,-1204,24,25117
20,-1280,48,25141
16,-1336,28,25165
20,-1412,16,25189
20,-1500,16,25212
24,-1540,-8,25236
20,-1548,0,25260
20,-1556,4,25284
24,-1560,-20,25308
20,-1524,-16,25332
4,-1424,12,25356
28,-1484,-44,25380
12,-1344,-68,25404
16,-1344,-20,25427
4,-1196,-60,25451
8,-1128,-48,25475
4,-1048,-44,25499
12,-1004,-56,25523
4,-940,-72,25547
0,-860,-68,25571
4,-824,-68,25595
4,-808,-60,25619
0,-804,-48,25645
-4,-792,-60,25669
4,-832,-40,25693
16,-860,-64,25717
4,-912,-64,25741
12,-964,-52,25765
8,-1008,-44,25789
16,-1136,-28,25812
12,-1196,-28,25836
12,-1264,-20,25860
8,-1316,36,25884
12,-1376,12,25908
20,-1460,20,25932
20,-1484,16,25956
20,-1512,16,25980
16,-1528,16,26004
24,-1516,36,26028
20,-1480,48,26051
20,-1436,52,26075
32,-1436,32,26099
16,-1332,140,26123
20,-1248,48,26147
20,-1072,64,26198
16,-1040,68,26225
12,-1004,60,26249
12,-884,64,26272
8,-856,60,26296
4,-836,68,26320
12,-812,48,26344
4,-800,48,26368
12,-820,44,26392
8,-840,56,26416
8,-872,60,26440
8,-872,60,26440
8,-916,44,26464
12,-948,56,26488
4,-1064,24,26511
16,-1116,36,26535
12,-1172,36,26559
16,-1240,28,26583
20,-1292,16,26607
20,-1400,20,26632
20,-1428,0,26658
16,-1460,16,26682
16,-1476,8,26706
20,-1484,-12,26730
20,-1460,-16,26754
16,-1432,-32,26778
16,-1416,-16,26802
32,-1452,-28,26828
4,-1232,-48,26852
16,-1212,-32,26876
20,-1152,-52,26900
0,-1100,-32,26924
12,-1052,-64,26948
12,-944,-72,26971
4,-924,-32,26995
8,-884,-68,27019
12,-856,-64,27043
0,-844,-52,27067
0,-836,-68,27092
8,-852,-28,27118
4,-864,-48,27142
8,-900,-60,27166
8,-932,-52,27190
8,-1028,-44,27214
16,-1072,-44,27238
12,-1140,-28,27261
16,-1184,-28,27285
20,-1240,-20,27309
12,-1332,4,27333
28,-1364,4,27357
20,-1400,16,27381
12,-1424,24,27408
32,-1464,28,27432
20,-1464,32,27455
24,-1440,40,27479
16,-1400,48,27503
16,-1364,52,27527
28,-1300,-20,27551
8,-1196,60,27575
12,-1216,52,27599
16,-1124,28,27623
12,-1056,48,27646
12,-1020,52,27670
8,-944,64,27694
4,-904,64,27718
12,-864,52,27742
8,-852,60,27766
4,-848,56,27790
16,-844,56,27814
8,-860,44,27838
8,-884,44,27862
4,-908,60,27885
8,-948,36,27909
12,-1028,52,27933
8,-1076,32,27957
16,-1128,28,27981
20,-1184,40,28008
16,-1276,28,28032
12,-1308,40,28056
20,-1340,12,28080
20,-1380,24,28104
8,-1388,0,28128
20,-1424,4,28153
20,-1400,-20,28178
20,-1384,-24,28202
8,-1360,-28,28226
12,-1328,-20,28250
28,-1336,-36,28274
12,-1256,4,28298
8,-1120,-52,28322
12,-1112,-36,28345
8,-1068,-48,28369
4,-984,-40,28393
12,-952,-52,28417
8,-916,-52,28441
4,-892,-52,28465
8,-868,-52,28489
8,-852,-60,28513
12,-860,-36,28537
4,-876,-56,28560
4,-908,-44,28588
8,-972,-40,28613
8,-1016,-36,28638
8,-1056,-36,28662
8,-1100,-8,28686
12,-1136,-4,28710
12,-1236,-12,28734
28,-1272,-4,28758
20,-1316,-4,28782
20,-1336,16,28805
16,-1356,16,28829
20,-1388,20,28853
24,-1368,36,28877
20,-1364,36,28901
12,-1344,48,28925
20,-1328,36,28949
12,-1252,48,28973
16,-1220,48,28997
20,-1168,28,29021
-4,-832,56,29044
0,-1012,96,29068
12,-960,52,29092
12,-972,40,29116
8,-940,48,29140
0,-900,60,29164
8,-872,44,29191
12,-872,64,29215
8,-868,48,29239
4,-868,44,29263
4,-896,56,29287
16,-916,36,29311
8,-980,52,29335
16,-1012,32,29358
16,-1052,28,29382
16,-1108,32,29406
16,-1144,28,29430
8,-1220,32,29454
16,-1264,24,29478
16,-1300,8,29502
12,-1316,12,29526
16,-1328,0,29550
20,-1352,-8,29574
16,-1348,-8,29597
12,-1348,-4,29621
16,-1328,-16,29645
16,-1304,-24,29669
8,-1296,8,29693
8,-1176,-4,29717
24,-1196,-32,29741
0,-1124,-40,29765
8,-1064,-36,29791
8,-1008,-44,29815
4,-972,-44,29839
12,-932,-48,29863
12,-916,-36,29887
12,-900,-48,29911
8,-888,-40,29935
-4,-892,-32,29958
8,-908,-36,29982
12,-908,-44,30006
16,-920,-68,30030
12,-980,-24,30054
12,-1028,-24,30078
12,-1072,-36,30102
16,-1112,-28,30126
20,-1160,-28,30150
16,-1232,-4,30174
20,-1260,0,30197
16,-1284,12,30221
16,-1316,16,30269
16,-1336,24,30293
20,-1316,32,30317
20,-1300,36,30341
16,-1288,40,30368
16,-1224,24,30393
16,-1208,32,30418
16,-1148,52,30442
16,-1116,52,30466
4,-1072,44,30490
20,-1056,28,30514
12,-1044,44,30538
4,-968,36,30562
8,-944,56,30586
16,-904,48,30610
8,-896,56,30634
16,-872,40,30657
8,-904,32,30681
-4,-916,60,30705
12,-940,52,30729
0,-984,44,30753
20,-1012,44,30777
8,-1056,32,30801
8,-1088,44,30825
12,-1128,24,30849
12,-1196,28,30874
20,-1224,16,30900
16,-1260,16,30924
12,-1280,24,30948
16,-1300,4,30974
12,-1300,12,30998
12,-1300,-16,31022
16,-1308,-20,31046
20,-1280,-4,31070
16,-1240,-24,31094
16,-1208,-24,31052
16,-1168,-32,31076
8,-1204,24,31100
8,-1204,24,31100
8,-1092,-4,31124
4,-1024,-44,31148
12,-996,-40,31171
12,-988,-40,31195
12,-944,-32,31219
8,-932,-32,31243
8,-912,-52,31268
4,-912,-40,31294
8,-904,-32,31318
8,-904,-40,31342
16,-900,-64,31366
8,-980,-24,31390
16,-1008,-20,31414
12,-1036,-24,31438
8,-1076,-28,31461
12,-1140,-4,31491
12,-1176,-4,31515
16,-1200,4,31539
24,-1240,-12,31563
12,-1272,28,31588
20,-1280,16,31613
12,-1288,24,31637
16,-1284,20,31661
20,-1284,28,31685
20,-1256,32,31709
16,-1232,36,31733
12,-1204,44,31757
12,-1172,48,31781
16,-1136,44,31805
12,-1068,52,31829
12,-1032,44,31852
8,-1000,52,31876
16,-976,52,31900
12,-956,48,31924
4,-924,52,31948
4,-904,40,31972
8,-912,56,31996
4,-900,48,32020
4,-916,28,32044
20,-936,44,32067
4,-964,44,32095
24,-992,36,32119
8,-1028,32,32143
12,-1048,32,32166
16,-1112,24,32190
8,-1152,28,32214
16,-1172,8,32238
20,-1192,12,32262
12,-1228,32,32286
16,-1252,-8,32310
16,-1272,28,32334
24,-1272,-8,32358
24,-1276,-32,32381
12,-1264,-4,32405
20,-1228,-24,32429
16,-1208,-28,32453
20,-1176,-24,32477
12,-1156,-24,32501
8,-1124,-28,32525
16,-1048,-28,32549
4,-1028,-28,32573
8,-1012,-48,32597
12,-976,-32,32620
8,-956,-28,32644
8,-928,-44,32674
8,-924,-32,32698
16,-916,-48,32722
4,-928,-28,32746
16,-956,-56,32770
4,-980,-40,32794
8,-1000,-12,32818
16,-1016,-20,32841
12,-1048,-32,32865
12,-1104,-20,32889
8,-1132,0,32913
8,-1164,-8,32937
24,-1196,-20,32961
12,-1212,-8,32985
16,-1252,24,33009
16,-1252,0,33033
12,-1264,28,33057
12,-1252,32,33080
16,-1256,24,33104
20,-1220,28,33128
8,-1196,36,33152
12,-1176,44,33176
8,-1136,32,33200
16,-1116,36,33224
8,-1048,36,33250
16,-1024,44,33274
12,-1008,48,33298
12,-984,44,33321
12,-968,44,33346
8,-932,44,33370
8,-924,48,33394
12,-924,36,33418
8,-928,48,33442
8,-924,40,33465
12,-960,32,33489
4,-976,36,33513
8,-1008,52,33537
8,-1032,20,33561
16,-1060,16,33585
16,-1112,28,33609
8,-1140,16,33633
20,-1164,24,33657
20,-1184,24,33680
12,-1208,20,33704
20,-1240,-4,33728
16,-1244,12,33752
12,-1244,-4,33776
16,-1236,-20,33800
12,-1228,-4,33824
16,-1200,-24,33851
12,-1168,-16,33875
12,-1152,-24,33899
16,-1120,-40,33923
8,-1096,-28,33947
12,-1040,-36,33971
4,-1020,-24,33994
8,-996,-40,34018
16,-980,-36,34042
8,-964,-32,34066
12,-940,-44,34090
0,-940,-32,34114
12,-936,-44,34138
12,-948,-28,34162
4,-952,-28,34186
8,-988,-32,34210
12,-1008,-20,34233
8,-1028,-8,34257
16,-1052,-28,34281
16,-1080,-32,34305
20,-1124,-4,34329
4,-1156,0,34353
16,-1180,-4,34377
16,-1192,-8,34401
16,-1220,4,34428
12,-1228,-4,34451
16,-1240,20,34475
12,-1224,32,34499
20,-1212,28,34523
16,-1208,36,34547
16,-1164,36,34571
8,-1144,36,34595
12,-1116,36,34618
16,-1092,32,34642
12,-1064,40,34666
12,-1016,44,34690
12,-1008,36,34714
12,-984,36,34738
16,-960,44,34762
16,-944,44,34786
12,-932,44,34810
8,-928,36,34833
8,-940,44,34857
8,-936,36,34881
12,-964,28,34905
12,-992,36,34929
12,-1020,28,34953
4,-1040,24,34977
12,-1056,32,35001
16,-1112,16,35028
12,-1140,24,35052
12,-1156,20,35076
20,-1172,20,35100
12,-1192,8,35124
16,-1208,12,35148
12,-1212,4,35174
20,-1212,-8,35198
20,-1196,-16,35222
16,-1180,-12,35246
16,-1168,-24,35270
12,-1148,-20,35294
20,-1120,-16,35317
12,-1108,-24,35341
4,-1076,-28,35365
12,-1032,-32,35389
12,-1016,-32,35413
16,-1004,-32,35437
12,-976,-48,35461
0,-964,-32,35485
12,-944,-48,35509
0,-940,-32,35532
4,-956,-28,35556
4,-960,-32,35580
8,-984,-48,35608
12,-1012,-36,35634
12,-1016,-16,35658
8,-1036,-20,35682
12,-1060,-24,35706
8,-1100,-16,35730
12,-1124,-8,35754
8,-1152,4,35777
16,-1164,-8,35801
16,-1184,0,35825
8,-1204,16,35849
16,-1200,8,35873
12,-1200,28,35897
12,-1204,24,35921
20,-1188,28,35945
16,-1160,24,35969
20,-1140,32,35993
12,-1116,28,36016
12,-1096,32,36040
8,-1076,36,36064
12,-1024,32,36089
8,-1004,32,36115
12,-996,36,36139
12,-980,44,36163
12,-952,40,36190
8,-940,36,36214
8,-940,48,36237
8,-952,44,36261
8,-960,28,36285
16,-976,28,36309
12,-992,28,36333
8,-1004,32,36357
8,-1028,28,36381
16,-1036,20,36405
8,-1080,28,36429
20,-1108,20,36453
16,-1128,8,36476
16,-1152,20,36500
16,-1164,20,36524
12,-1192,-4,36549
20,-1188,12,36575
12,-1196,0,36599
16,-1192,-12,36623
8,-1184,-8,36647
12,-1164,-8,36671
12,-1140,-28,36695
16,-1124,-24,36719
12,-1096,-20,36743
16,-1072,-32,36766
12,-1032,-20,36796
4,-1024,-20,36820
8,-1008,-36,36844
8,-972,-16,36869
12,-972,-40,36895
8,-960,-32,36918
8,-960,-48,36942
4,-960,-32,36966
8,-968,-28,36990
8,-988,-40,37014
12,-996,-36,37038
8,-1008,-32,37062
12,-1028,-8,37086
12,-1060,-24,37110
12,-1088,-24,37134
8,-1116,-20,37157
12,-1136,-4,37181
16,-1140,0,37205
16,-1180,0,37229
20,-1172,4,37253
8,-1184,16,37277
16,-1180,20,37301
20,-1172,12,37325
20,-1160,28,37349
12,-1132,20,37376
12,-1104,24,37400
16,-1100,36,37424
20,-1052,20,37448
12,-1040,44,37471
8,-1036,32,37494
12,-1016,24,37519
12,-1004,44,37543
8,-960,36,37567
8,-952,32,37591
12,-948,32,37615
8,-952,40,37639
4,-948,44,37663
12,-964,32,37686
8,-980,40,37710
12,-984,12,37733
8,-1004,36,37758
12,-1012,36,37782
16,-1040,24,37806
8,-1072,32,37830
8,-1088,24,37854
8,-1104,8,37878
16,-1124,16,37902
12,-1140,12,37925
12,-1152,0,37949
20,-1168,4,37979
4,-1176,-4,38003
12,-1176,-12,38027
12,-1160,-4,38051
16,-1152,-8,38075
12,-1132,-20,38099
12,-1124,-16,38123
8,-1108,-24,38147
8,-1072,-28,38170
8,-1044,-24,38194
8,-1032,-32,38218
12,-1020,-36,38242
8,-1000,-32,38266
12,-980,-28,38290
8,-964,-32,38314
8,-964,-32,38338
8,-972,-40,38362
12,-972,-28,38385
16,-976,-24,38409
16,-1000,-32,38433
8,-1016,-28,38457
12,-1020,-8,38481
16,-1036,-20,38505
20,-1076,-20,38529
12,-1092,0,38555
12,-1112,0,38579
8,-1136,-12,38603
16,-1160,-8,38627
12,-1164,16,38651
8,-1172,16,38675
8,-1164,16,38699
16,-1160,8,38723
12,-1160,28,38747
16,-1144,24,38770
12,-1120,24,38794
12,-1108,32,38818
20,-1092,24,38842
8,-1072,28,38866
16,-1036,28,38890
12,-1024,32,38914
8,-1012,36,38938
16,-996,32,38962
8,-984,44,38986
16,-972,40,39009
8,-968,36,39033
12,-964,36,39057
8,-944,28,39081
12,-952,40,39105
24,-968,32,39129
8,-984,36,39156
16,-1008,20,39180
12,-1028,24,39204
8,-1044,28,39228
12,-1068,12,39252
12,-1096,36,39276
20,-1112,0,39300
12,-1128,0,39323
12,-1136,24,39346
12,-1156,-12,39371
16,-1156,8,39395
16,-1164,-8,39419
20,-1156,-4,39443
12,-1148,-12,39467
8,-1128,-4,39491
12,-1116,-12,39515
20,-1092,-40,39538
8,-1088,-16,39562
12,-1068,-20,39585
12,-1032,-24,39610
8,-1020,-20,39634
12,-1020,-40,39658
8,-992,-28,39706
4,-980,-32,39732
12,-980,-32,39756
8,-980,-28,39780
0,-976,-12,39804
12,-992,-36,39828
12,-1020,-20,39852
12,-1024,-8,39876
12,-1036,-12,39900
12,-1052,-24,39924
16,-1068,-32,39947
12,-1096,8,39971
16,-1104,-20,39995
16,-1120,-16,40019
12,-1132,-4,40042
12,-1136,16,40067
12,-1152,12,40091
20,-1144,8,40115
16,-1144,8,40139
16,-1140,16,40162
16,-1124,20,40186
12,-1108,28,40210
16,-1096,20,40234
12,-1080,24,40258
8,-1064,32,40282
12,-1024,24,40309
8,-1016,36,40333
12,-1004,36,40357
8,-992,36,40381
4,-984,36,40405
8,-972,24,40430
8,-968,36,40455
12,-968,28,40479
8,-972,32,40503
4,-984,40,40527
8,-1008,32,40551
12,-1012,36,40575
12,-1028,20,40599
8,-1040,32,40622
12,-1052,24,40646
12,-1088,16,40670
16,-1100,20,40694
16,-1112,4,40718
4,-1120,20,40742
20,-1128,8,40766
8,-1140,8,40790
12,-1136,-12,40814
16,-1132,-12,40838
8,-1136,0,40861
12,-1128,-16,40885
16,-1108,-8,40913
16,-1096,-16,40936
16,-1080,-16,40960
4,-1068,-24,40984
12,-1048,-28,41008
12,-1024,-20,41032
16,-1020,-36,41056
16,-1000,-28,41080
12,-992,-28,41104
8,-992,-36,41128
12,-972,-28,41152
12,-980,-24,41175
8,-984,-16,41199
12,-992,-20,41223
12,-1000,-40,41247
12,-1016,0,41271
12,-1028,-20,41295
8,-1044,-28,41319
8,-1060,-28,41343
12,-1076,-4,41367
16,-1096,-16,41391
20,-1108,-16,41414
8,-1116,0,41438
20,-1124,16,41462
12,-1132,12,41486
12,-1132,0,41513
12,-1140,12,41537
12,-1132,24,41560
16,-1124,28,41584
12,-1112,16,41608
16,-1092,24,41632
12,-1072,32,41656
12,-1056,32,41680
16,-1040,28,41704
12,-1028,20,41728
12,-1016,36,41752
12,-1004,32,41776
8,-992,28,41799
8,-988,40,41823
16,-980,36,41847
12,-976,24,41871
8,-976,40,41895
4,-976,36,41919
8,-996,20,41943
8,-1000,28,41967
8,-1028,12,41991
12,-1028,20,42014
12,-1048,24,42038
20,-1060,8,42062
16,-1080,4,42089
12,-1092,0,42113
12,-1112,16,42137
16,-1112,4,42161
16,-1120,-4,42185
8,-1128,-4,42210
20,-1120,-8,42234
12,-1120,-8,42259
12,-1120,-8,42283
16,-1108,-12,42307
20,-1096,-28,42331
16,-1072,-24,42355
12,-1056,-20,42379
20,-1052,-32,42403
12,-1040,-24,42427
12,-1016,-32,42451
8,-1008,-16,42474
4,-1000,-20,42498
12,-984,-36,42522
12,-992,-24,42546
12,-984,-28,42570
4,-988,-12,42594
12,-992,-20,42618
16,-1000,-40,42642
12,-1008,-32,42666
16,-1032,-8,42693
12,-1032,-24,42717
12,-1044,-28,42741
16,-1060,-8,42765
16,-1076,8,42788
12,-1100,-24,42812
8,-1104,4,42836
8,-1112,16,42860
12,-1112,-4,42884
12,-1128,0,42908
12,-1116,24,42932
12,-1112,20,42956
12,-1116,12,42980
8,-1104,12,43004
4,-1088,28,43027
8,-1064,20,43050
12,-1060,16,43075
12,-1048,28,43099
12,-1028,32,43123
16,-1024,32,43147
16,-1008,20,43171
12,-996,36,43195
8,-988,36,43219
12,-984,28,43242
8,-988,28,43269
12,-988,28,43293
8,-984,28,43317
12,-996,24,43341
8,-1004,20,43365
12,-1016,32,43389
4,-1032,16,43412
12,-1048,20,43435
20,-1060,20,43460
12,-1068,8,43484
12,-1076,12,43508
16,-1100,12,43532
12,-1104,4,43556
12,-1108,0,43580
16,-1120,-4,43604
12,-1112,4,43628
16,-1112,-12,43651
12,-1104,-12,43675
16,-1100,-16,43699
8,-1096,-8,43723
12,-1080,-24,43747
16,-1064,-24,43771
8,-1048,-20,43795
8,-1040,-20,43819
12,-1028,-16,43843
12,-1016,-28,43870
12,-1000,-20,43894
8,-988,-28,43918
8,-992,-28,43941
12,-984,-24,43965
8,-1000,-20,43990
8,-1000,-16,44013
16,-1004,-36,44037
8,-1016,-24,44061
8,-1024,-8,44085
16,-1024,-8,44109
12,-1052,-16,44133
8,-1048,-8,44157
4,-1064,4,44180
16,-1080,-16,44204
16,-1088,-8,44228
12,-1096,12,44252
12,-1108,-8,44276
12,-1112,0,44300
12,-1112,12,44324
20,-1108,16,44348
8,-1108,8,44372
20,-1100,12,44396
16,-1100,24,44419
12,-1064,12,44450
8,-1064,16,44473
8,-1040,24,44497
8,-1032,36,44521
4,-1024,28,44545
16,-1020,20,44569
12,-1004,36,44593
8,-1000,32,44617
12,-992,28,44640
12,-992,28,44664
12,-984,28,44688
8,-988,32,44712
16,-996,-4,44736
16,-1000,32,44760
8,-1016,32,44784
12,-1020,24,44808
8,-1036,20,44832
4,-1052,16,44856
8,-1052,12,44879
12,-1072,12,44902
20,-1084,16,44927
12,-1092,8,44951
16,-1104,4,44975
16,-1100,0,44999
8,-1104,0,45025
16,-1104,-16,45050
8,-1092,-8,45073
8,-1096,-16,45097
8,-1084,-8,45121
12,-1080,-16,45145
8,-1068,-24,45169
12,-1044,-20,45193
8,-1036,-12,45241
8,-1024,-24,45264
8,-1012,-32,45288
4,-996,-28,45312
12,-1000,-24,45336
12,-1004,-24,45360
12,-996,-28,45384
12,-1000,-24,45408
16,-996,-32,45432
12,-1016,-20,45456
12,-1020,-4,45480
12,-1020,-20,45503
16,-1032,-24,45527
12,-1048,-12,45551
20,-1060,0,45575
12,-1068,-4,45599
12,-1084,-16,45626
8,-1092,8,45650
8,-1100,0,45674
20,-1096,4,45698
8,-1108,4,45722
12,-1100,20,45746
20,-1096,8,45771
16,-1084,16,45796
8,-1084,20,45820
20,-1076,24,45844
16,-1056,8,45868
12,-1044,32,45892
12,-1036,24,45915
12,-1032,28,45940
8,-1020,28,45963
12,-1012,28,45987
8,-1000,36,46011
16,-992,28,46035
8,-996,28,46059
12,-988,24,46083
16,-996,24,46107
12,-1004,20,46131
16,-1008,20,46155
12,-1012,24,46178
12,-1020,32,46206
12,-1040,24,46231
12,-1040,20,46256
12,-1056,12,46280
12,-1064,20,46304
16,-1076,12,46328
12,-1088,12,46352
16,-1092,0,46376
8,-1092,12,46400
16,-1100,8,46423
16,-1100,-12,46447
12,-1092,12,46471
16,-1092,-12,46495
8,-1080,-16,46519
12,-1072,-8,46543
12,-1068,-16,46567
4,-1048,-12,46591
12,-1032,-20,46615
4,-1036,-12,46638
12,-1024,-24,46662
16,-1024,-28,46686
12,-1008,-28,46710
12,-996,-28,46734
8,-1000,-16,46758
12,-1000,-28,46782
12,-1004,-24,46809
12,-1008,-36,46833
8,-1008,-32,46857
12,-1020,-4,46881
8,-1020,0,46905
16,-1024,-16,46929
12,-1048,-8,46952
8,-1052,-4,46976
12,-1072,4,47000
12,-1068,-20,47024
20,-1076,-8,47048
16,-1092,12,47072
16,-1092,0,47096
4,-1100,0,47120
12,-1096,12,47144
16,-1092,4,47168
16,-1080,16,47191
16,-1076,24,47215
8,-1072,28,47239
20,-1056,20,47263
16,-1052,16,47287
8,-1036,24,47311
12,-1028,32,47335
12,-1020,32,47359
12,-1004,20,47385
12,-1008,20,47409
8,-996,28,47433
16,-996,28,47457
8,-1000,28,47481
16,-1000,24,47505
12,-1008,24,47529
16,-1012,8,47553
12,-1008,28,47576
12,-1016,28,47600
12,-1024,16,47624
4,-1040,8,47648
16,-1056,4,47672
8,-1064,4,47696
12,-1080,24,47720
12,-1072,12,47744
12,-1080,8,47768
16,-1080,-4,47792
12,-1096,8,47815
16,-1096,0,47839
20,-1092,-12,47863
8,-1080,8,47887
12,-1080,-20,47911
12,-1064,-8,47935
16,-1052,-16,47959
4,-1056,-16,47986
0,-1032,-44,48011
12,-1032,-20,48036
4,-1028,-12,48060
8,-1016,-28,48084
12,-1012,-20,48108
8,-1000,-28,48132
16,-996,-24,48156
4,-1004,-24,48180
12,-1000,-24,48204
4,-1004,-16,48228
16,-1016,-28,48252
12,-1020,-8,48275
4,-1020,-4,48299
16,-1028,-16,48323
8,-1040,-16,48347
12,-1048,0,48371
8,-1064,4,48395
12,-1068,-12,48419
12,-1072,-20,48443
12,-1080,8,48467
16,-1084,4,48491
12,-1092,8,48514
8,-1084,12,48538
16,-1076,4,48566
12,-1080,16,48589
12,-1072,12,48613
8,-1064,24,48637
12,-1056,24,48661
20,-1044,20,48685
12,-1036,20,48709
12,-1024,24,48733
8,-1020,32,48757
12,-1020,24,48781
16,-1008,20,48805
12,-1004,24,48828
12,-1000,28,48852
8,-1000,32,48876
16,-996,12,48900
12,-992,24,48924
8,-1012,28,48948
8,-1008,24,48972
8,-1020,28,48996
8,-1024,16,49020
8,-1040,16,49043
12,-1044,24,49067
8,-1056,12,49091
16,-1060,16,49115
16,-1092,4,49139
4,-1092,16,49166
4,-1108,8,49190
12,-1096,20,49213
20,-1088,-16,49237
12,-1088,-24,49261
4,-1084,24,49285
12,-1088,-8,49308
8,-1072,16,49333
12,-1064,-8,49357
12,-1056,-32,49381
8,-1048,-12,49405
12,-1036,-12,49428
16,-1024,-24,49452
8,-1020,-16,49476
12,-1016,-20,49500
8,-1012,-16,49524
12,-1008,-24,49548
8,-1012,-24,49572
8,-1004,-24,49596
12,-1012,-4,49620
8,-1008,-12,49644
8,-1012,-28,49667
16,-1028,4,49691
8,-1028,-16,49715
16,-1032,-16,49741
8,-1052,-20,49765
12,-1044,0,49791
4,-1064,-8,49814
12,-1072,-8,49838
12,-1080,12,49862
4,-1076,8,49886
8,-1084,-4,49911
12,-1088,8,49936
16,-1080,20,49960
12,-1080,20,49984
16,-1072,12,50008
8,-1052,28,50032
12,-1056,28,50056
8,-1040,20,50080
12,-1044,16,50104
16,-1032,24,50127
8,-1028,24,50151
8,-1012,20,50175
20,-1008,28,50199
12,-1012,32,50223
12,-1000,24,50271
12,-1004,24,50295
8,-1008,20,50322
8,-1008,28,50346
12,-1016,16,50371
16,-1016,20,50396
20,-1032,8,50420
12,-1036,24,50444
12,-1036,16,50468
8,-1064,16,50492
12,-1072,4,50516
16,-1060,12,50540
12,-1068,24,50564
12,-1080,-8,50587
16,-1080,12,50611
12,-1084,-8,50635
8,-1088,-8,50659
12,-1076,8,50683
12,-1076,-4,50707
12,-1060,-8,50731
8,-1052,-12,50755
8,-1044,-16,50779
8,-1044,-12,50802
8,-1032,-16,50826
12,-1024,-28,50851
16,-1020,-12,50874
12,-1012,0,50898
12,-1020,-24,50925
12,-1004,-36,50949
20,-1004,-16,50973
12,-1004,-24,50997
12,-1008,-4,51021
12,-1012,-16,51045
8,-1016,-20,51069
16,-1032,-4,51093
8,-1036,-12,51116
12,-1036,-24,51140
8,-1040,-20,51164
12,-1040,12,51188
20,-1064,-12,51212
12,-1060,-20,51236
12,-1076,0,51260
16,-1072,4,51284
12,-1076,0,51308
12,-1080,12,51331
12,-1072,24,51354
8,-1072,20,51379
12,-1064,4,51403
12,-1060,16,51427
12,-1048,28,51451
12,-1048,20,51475
8,-1036,16,51501
12,-1036,16,51525
8,-1020,32,51549
12,-1016,24,51573
16,-1016,24,51597
8,-1004,32,51621
12,-1000,36,51645
12,-1004,32,51669
12,-1012,20,51693
12,-1004,24,51717
8,-1012,20,51740
12,-1016,16,51764
16,-1024,28,51788
16,-1020,8,51812
8,-1036,20,51836
16,-1032,20,51860
12,-1036,16,51884
12,-1044,12,51908
16,-1052,8,51932
12,-1064,8,51956
8,-1064,-8,51979
16,-1072,-4,52003
12,-1072,16,52027
16,-1072,-16,52051
12,-1076,0,52078
12,-1064,0,52102
12,-1064,-20,52126
8,-1052,0,52151
8,-1044,-16,52177
16,-1036,-20,52224
16,-1020,-12,52248
8,-1024,-28,52272
16,-1016,-16,52296
12,-1016,-20,52320
8,-1008,-24,52344
12,-1012,-16,52368
12,-1016,-20,52392
8,-1012,-4,52416
8,-1008,-28,52439
8,-1016,-24,52463
8,-1020,-8,52487
16,-1028,-24,52511
12,-1032,-16,52535
8,-1032,-16,52559
24,-1380,8,52583
4,-948,-28,52607
20,-828,-28,52631
4,-1004,12,52655
12,-924,-20,52682
-4,-1164,32,52730
24,-1068,0,52753
0,-1032,16,52777
8,-1156,20,52801
28,-1004,0,52825
8,-1092,24,52849
28,-1076,16,52873
4,-1012,24,52897
0,-1060,32,52921
16,-1036,16,52945
12,-1024,8,52968
12,-1008,24,52992
16,-1024,8,53016
8,-988,20,53040
12,-1012,32,53064
0,-1004,28,53088
16,-988,16,53112
0,-1020,32,53136
16,-1012,0,53160
16,-1024,12,53184
4,-1020,44,53207
20,-1036,-4,53231
8,-1028,36,53261
8,-1044,16,53285
8,-1040,-8,53309
16,-1048,12,53333
4,-1064,8,53357
16,-1068,-12,53405
8,-1068,20,53428
16,-1060,-28,53452
12,-1072,8,53476
8,-1060,20,53500
16,-1056,-36,53524
8,-1056,-12,53548
20,-1040,-16,53572
12,-1032,-16,53620
8,-1028,-4,53644
8,-1020,-4,53667
12,-1016,-20,53691
4,-1008,-4,53715
12,-1004,-20,53739
16,-1012,-32,53763
4,-1016,0,53787
8,-1016,-24,53811
8,-1008,-20,53835
12,-1020,-16,53861
8,-1020,-8,53885
12,-1028,-4,53909
16,-1032,-12,53933
12,-1040,0,53957
8,-1048,-4,53981
8,-1048,-4,54005
16,-1056,0,54029
8,-1056,4,54052
20,-1060,0,54076
12,-1068,-4,54100
12,-1060,4,54148
8,-1048,4,54172
12,-1036,16,54196
12,-1036,16,54196
16,-1052,12,54220
8,-1040,16,54244
12,-1036,8,54268
4,-1044,20,54291
20,-1040,24,54315
12,-1036,16,54339
8,-1036,32,54363
12,-1020,24,54387
8,-1016,28,54411
16,-1008,24,54438
8,-1012,24,54486
12,-1008,12,54510
12,-1016,24,54534
20,-1016,8,54558
8,-1024,16,54582
16,-1024,24,54605
8,-1028,8,54629
12,-1032,24,54653
12,-1036,8,54677
4,-1044,20,54701
16,-1064,0,54724
16,-1052,-4,54749
20,-1056,0,54773
12,-1060,0,54797
8,-1056,8,54820
16,-1064,-4,54844
12,-1064,-4,54868
16,-1048,-4,54892
8,-1056,-12,54916
8,-1040,-12,54964
16,-1036,-4,54988
16,-1032,-20,55012
12,-1024,-16,55038
20,-1020,0,55062
12,-1020,-20,55086
12,-1004,-16,55111
12,-1012,-16,55137
4,-1016,-12,55161
8,-1008,-20,55185
16,-1012,-16,55209
16,-1012,-20,55233
16,-1012,-16,55257
4,-1024,-4,55280
12,-1016,0,55304
20,-1008,-24,55328
16,-1036,-16,55376
8,-1036,-4,55400
12,-1040,-12,55424
20,-1044,-8,55448
12,-1052,0,55472
24,-1048,0,55496
12,-1052,0,55454
12,-1056,4,55478
8,-1056,4,55502
8,-1060,8,55526
16,-1044,16,55552
8,-1052,20,55576
12,-1036,12,55600
12,-1040,28,55624
8,-1024,16,55648
12,-1020,16,55672
8,-1020,24,55696
8,-1016,24,55719
12,-1016,20,55743
8,-1008,28,55767
8,-1008,28,55791
12,-1016,24,55815
12,-1016,16,55839
12,-1008,24,55863
16,-1016,0,55887
12,-1024,16,55911
8,-1024,28,55934
16,-1024,12,55958
4,-1036,0,55982
12,-1040,8,56006
12,-1040,8,56029
16,-1048,16,56054
12,-1048,8,56078
12,-1056,8,56102
12,-1052,4,56126
8,-1056,12,56153
20,-1064,0,56177
8,-1060,-8,56201
12,-1064,0,56226
8,-1060,-16,56251
8,-1048,-12,56275
12,-1044,4,56299
16,-1040,-4,56323
16,-1032,-4,56347
8,-1020,-8,56371
16,-1028,-12,56395
8,-1024,-20,56418
8,-1028,-20,56442
12,-1020,-16,56466
16,-1016,-12,56490
4,-1016,-8,56514
8,-1020,-16,56538
12,-1008,-8,56562
12,-1024,-12,56586
8,-1024,-4,56610
12,-1020,-20,56633
16,-1024,-12,56657
8,-1028,-12,56681
12,-1040,8,56705
12,-1040,-4,56732
12,-1040,20,56756
12,-1048,-4,56780
12,-1044,0,56804
8,-1052,8,56828
8,-1056,4,56852
16,-1048,12,56876
8,-1052,8,56900
8,-1056,8,56924
12,-1048,12,56947
16,-1048,12,56971
12,-1036,12,56995
8,-1040,24,57019
12,-1032,24,57043
16,-1024,16,57067
8,-1032,16,57091
16,-1016,24,57115
8,-1016,16,57142
8,-1012,24,57166
16,-1008,16,57190
8,-1004,20,57214
16,-1008,24,57238
12,-1008,16,57261
8,-984,8,57285
12,-1024,16,57309
8,-1024,12,57338
12,-1020,20,57363
4,-1040,20,57387
16,-1040,8,57411
8,-1044,12,57435
12,-1052,0,57459
12,-1044,12,57483
12,-1052,8,57506
12,-1052,4,57530
8,-1056,4,57554
8,-1048,-4,57602
12,-1056,-4,57626
8,-1052,-4,57650
12,-1040,-12,57674
16,-1040,0,57698
12,-1032,-8,57721
8,-1028,-16,57745
0,-1028,-8,57769
12,-1032,-12,57793
12,-1020,-16,57817
8,-1008,-8,57841
16,-1020,-12,57865
8,-1016,-16,57889
16,-1016,-20,57915
4,-1020,-16,57939
4,-1020,4,57963
16,-1008,-12,57987
8,-1024,-4,58011
12,-1028,-12,58035
16,-1028,-4,58059
8,-1036,-8,58083
8,-1032,-4,58106
12,-1040,0,58130
12,-1040,-8,58154
12,-1056,0,58178
8,-1052,-8,58202
16,-1048,4,58226
12,-1064,12,58250
12,-1060,8,58274
12,-1056,4,58298
8,-1052,16,58322
12,-1048,4,58345
8,-1040,12,58369
12,-1040,0,58393
12,-1032,12,58417
12,-1028,16,58441
16,-1028,16,58465
8,-1020,20,58492
12,-1020,12,58516
12,-1016,20,58540
8,-1012,20,58564
12,-1016,4,58588
8,-1012,16,58612
16,-1020,16,58636
8,-1012,28,58659
4,-1020,8,58683
12,-1016,12,58707
4,-1024,24,58731
8,-1028,12,58755
16,-1036,8,58779
12,-1028,20,58803
16,-1028,20,58827
4,-1040,12,58851
8,-1040,8,58875
8,-1048,-4,58898
12,-1036,0,58922
8,-1048,0,58946
12,-1052,-12,58969
12,-1056,0,58994
8,-1056,0,59018
16,-1048,-4,59042
16,-1052,-8,59066
12,-1040,-12,59092
12,-1044,-8,59116
16,-1036,-8,59140
8,-1036,-4,59164
12,-1024,-8,59188
16,-1024,-12,59212
8,-1016,-12,59236
12,-1020,-16,59260
8,-1020,-20,59283
8,-1016,-8,59307
16,-1016,-8,59331
0,-1020,-4,59355
16,-1016,-20,59379
12,-1020,-20,59403
8,-1028,-4,59427
12,-1024,-20,59451
12,-1032,-12,59475
12,-1032,-8,59498
8,-1040,-4,59522
12,-1040,-4,59546
8,-1040,4,59570
4,-1052,0,59594
16,-1048,-4,59618
12,-1052,4,59642
16,-1052,12,59669
12,-1048,0,59693
8,-1048,8,59717
20,-1040,16,59741
12,-1040,16,59765
8,-1036,4,59790
12,-1032,20,59815
12,-1032,20,59839
16,-1032,16,59863
8,-1020,16,59887
4,-1020,12,59911
12,-1020,20,59935
12,-1016,20,59958
8,-1012,12,59982
8,-1012,16,60006
16,-1008,12,60030
12,-1012,24,60054
4,-1020,16,60078
16,-1024,4,60102
12,-1020,28,60126
8,-1036,0,60150
12,-1032,4,60174
12,-1028,20,60197
8,-1040,12,60221
16,-1040,0,60245
4,-1044,12,60273
8,-1052,8,60296
12,-1048,0,60320
12,-1056,0,60344
12,-1052,-4,60369
20,-1060,-8,60393
12,-1024,0,60419
12,-1040,8,60442
8,-1040,-16,60466
8,-1036,16,60490
4,-1036,-4,60514
16,-1024,-32,60538
12,-1028,-8,60562
12,-1028,-8,60562
4,-1024,12,60586
20,-1024,-40,60610
4,-1028,12,60634
12,-1024,-4,60657
8,-1020,-32,60681
8,-1020,-8,60705
12,-1016,-24,60729
12,-1028,0,60753
20,-1024,-16,60777
12,-1028,-20,60801
8,-1020,-4,60825
8,-1032,-4,60852
12,-1032,-4,60876
16,-1036,-12,60900
4,-1036,8,60924
8,-1040,4,60948
12,-1048,-4,60971
12,-1048,-4,60995
20,-1044,0,61019
16,-1048,0,61043
8,-1052,4,61067
12,-1040,12,61091
8,-1048,16,61115
20,-1044,-8,61139
12,-1040,12,61163
12,-1040,4,61187
12,-1036,12,61210
8,-1032,16,61234
12,-1024,20,61258
16,-1024,20,61282
16,-1032,20,61306
12,-1012,16,61330
8,-1020,20,61354
12,-1016,16,61378
8,-1016,16,61402
12,-1016,16,61425
8,-1012,20,61455
8,-1020,8,61479
12,-1028,12,61503
16,-1028,24,61527
12,-1036,12,61551
8,-1040,24,61575
16,-1036,8,61599
16,-1036,8,61623
12,-1040,24,61647
12,-1044,4,61670
12,-1048,20,61694
12,-1044,0,61718
12,-1048,-8,61742
8,-1044,0,61766
12,-1048,-8,61790
16,-1044,0,61814
12,-1040,4,61838
12,-1040,-8,61862
8,-1040,-4,61886
12,-1032,0,61909
8,-1024,-8,61933
12,-1032,-16,61957
8,-1032,-12,61981
8,-1024,-4,62005
16,-1020,-12,62032
12,-1016,-12,62055
12,-1024,-8,62079
8,-1024,-8,62103
12,-1020,-20,62127
12,-1028,-8,62151
16,-1028,-12,62175
8,-1020,-16,62199
8,-1024,-8,62223
16,-1024,0,62247
16,-1028,-12,62270
16,-1036,-8,62294
8,-1036,4,62318
12,-1040,0,62342
8,-1036,-12,62366
12,-1040,4,62390
16,-1044,8,62414
12,-1044,4,62438
12,-1040,-4,62462
8,-1044,-8,62486
8,-1044,12,62509
4,-1040,8,62533
8,-1036,0,62557
8,-1032,12,62581
8,-1040,12,62605
8,-1028,20,62632
12,-1032,16,62656
16,-1028,24,62680
12,-1020,16,62704
12,-1012,16,62728
8,-1028,20,62752
12,-1016,16,62776
4,-1012,16,62800
8,-1016,20,62823
12,-1020,4,62847
8,-1020,12,62871
8,-1024,8,62895
16,-1032,20,62919
12,-1016,16,62943
8,-1036,4,62967
12,-1032,16,62991
12,-1032,12,63039
16,-1036,8,63062
12,-1040,8,63086
12,-1044,4,63110
12,-1044,12,63134
12,-1040,8,63158
16,-1048,0,63182
16,-1040,-8,63209
12,-1040,-4,63232
12,-1040,-8,63256
12,-1036,-12,63280
12,-1032,-12,63304
12,-1028,-8,63328
4,-1028,-12,63352
8,-1032,0,63376
12,-1028,-8,63400
8,-1032,-12,63424
12,-1024,-12,63447
8,-1016,-8,63471
8,-1028,-16,63495
8,-1020,-8,63519
8,-1020,-4,63543
8,-1024,-12,63567
8,-1028,0,63591
12,-1020,0,63615
16,-1028,-12,63639
8,-1032,-8,63662
12,-1032,-12,63686
8,-1064,4,63710
12,-1064,0,63734
8,-1076,12,63758
12,-1084,8,63782
12,-1084,16,63809
4,-1056,12,63833
16,-1064,-4,63857
8,-1052,8,63881
12,-1056,12,63905
12,-1048,4,63929
16,-1048,12,63953
12,-1036,16,63976
12,-1032,12,64000
16,-1024,16,64024
16,-1028,16,64048
12,-1020,16,64072
12,-1020,8,64096
12,-1008,20,64120
16,-1020,20,64144
16,-1016,24,64168
16,-1012,8,64192
8,-1020,20,64239
12,-1020,16,64263
16,-1020,4,64287
12,-1016,20,64311
12,-1028,8,64335
8,-1028,12,64359
8,-1028,8,64385
16,-1036,16,64409
12,-1040,8,64433
16,-1024,4,64457
16,-1032,8,64481
12,-1032,8,64505
16,-1040,4,64530
8,-1040,-28,64555
16,-1048,-8,64580
12,-1044,-8,64604
8,-1028,-4,64628
8,-1028,-4,64628
12,-1020,-8,64652
12,-1024,-8,64675
16,-1036,-8,64699
16,-1028,-12,64723
16,-1024,-12,64747
12,-1028,-12,64771
8,-1024,-24,64795
4,-1028,-4,64819
8,-1016,-4,64843
12,-1020,-20,64867
12,-1028,-4,64891
16,-1012,-12,64914
16,-1024,-8,64938
4,-1032,-8,64968
8,-1028,-16,64992
8,-1028,0,65016
0,-1032,0,65040
16,-1024,-8,65064
12,-1032,0,65088
12,-1024,-8,65112
12,-1032,-4,65135
8,-1036,8,65207
16,-1040,4,65231
12,-1040,8,65255
16,-1036,8,65279
8,-1036,16,65303
12,-1040,0,65327
12,-1032,16,65351
12,-1036,20,65374
24,-1024,8,65398
12,-1032,12,65422
12,-1032,20,65446
12,-1024,8,65470
12,-1016,12,65494
12,-1020,20,65518
16,-1020,16,65542
8,-1020,16,65568
16,-1012,16,65592
16,-1028,12,65616
16,-1024,20,65640
8,-1020,16,65664
16,-1024,0,65688
12,-1020,16,65712
12,-1024,12,65736
12,-1028,0,65759
12,-1028,4,65783
12,-1032,12,65807
16,-1032,0,65831
12,-1036,16,65855
12,-1040,8,65879
8,-1044,4,65903
16,-1032,4,65927
12,-1036,-4,65951
12,-1044,-4,65974
12,-1044,0,65998
12,-1036,4,66022
12,-1036,-4,66046
8,-1040,0,66070
8,-1036,-4,66094
16,-1028,-4,66118
8,-1032,-12,66145
16,-1028,-8,66170
12,-1036,-12,66196
8,-1036,-4,66219
12,-1028,-4,66243
8,-1028,-16,66267
12,-1024,-4,66291
20,-1012,-12,66315
12,-1028,-4,66339
12,-1016,-12,66363
4,-1032,-12,66387
12,-1024,0,66411
8,-1024,-12,66434
8,-1036,-4,66458
12,-1032,-4,66482
12,-1032,0,66506
12,-1040,0,66530
12,-1040,-4,66554
12,-1040,8,66578
16,-1044,4,66602
12,-1048,0,66626
8,-1044,4,66650
8,-1044,0,66673
12,-1044,12,66697
16,-1048,0,66721
12,-1044,4,66749
16,-1032,8,66772
16,-1040,24,66796
4,-1032,12,66820
12,-1028,8,66844
12,-1024,16,66868
4,-1024,24,66892
8,-1016,16,66916
8,-1032,20,66940
8,-1024,8,66964
8,-1016,12,66987
12,-1016,12,67011
16,-1016,16,67035
8,-1020,16,67059
12,-1028,12,67083
8,-1028,8,67107
12,-1032,8,67131
8,-1028,16,67155
16,-1040,20,67179
12,-1032,12,67203
12,-1044,8,67226
12,-1040,-4,67250
8,-1036,4,67274
12,-1036,4,67298
16,-1032,-8,67325
12,-1040,0,67349
16,-1036,-20,67372
8,-1044,-8,67396
16,-1036,0,67420
12,-1032,-12,67444
16,-1036,0,67468
12,-1028,-4,67492
12,-1036,-4,67516
8,-1032,-16,67540
12,-1024,-4,67564
8,-1028,4,67588
12,-1028,-12,67611
8,-1020,-8,67635
12,-1024,-4,67659
12,-1020,-16,67683
12,-1016,-8,67707
12,-1024,-8,67731
8,-1024,-4,67755
16,-1024,-8,67778
12,-1024,-12,67803
12,-1024,-4,67827
12,-1028,0,67850
12,-1032,-8,67874
8,-1032,-8,67898
12,-1048,4,67925
12,-1032,4,67950
16,-1040,0,67973
12,-1040,4,67997
12,-1032,0,68021
12,-1040,0,68045
12,-1028,8,68069
16,-1012,4,68093
8,-1032,4,68117
16,-1028,8,68140
12,-1028,16,68164
8,-1024,12,68188
16,-1024,12,68212
16,-1016,4,68235
12,-1020,20,68259
8,-1024,20,68284
12,-1020,8,68308
8,-1028,12,68332
12,-1016,12,68356
12,-1016,16,68379
12,-1020,20,68403
8,-1024,8,68427
8,-1028,8,68451
12,-1020,8,68475
8,-1028,8,68502
8,-1024,16,68525
16,-1024,4,68550
4,-1032,4,68573
12,-1024,12,68597
16,-1032,4,68621
12,-1044,4,68645
12,-1036,4,68669
16,-1040,8,68693
12,-1036,0,68717
16,-1036,-4,68741
12,-1036,0,68764
8,-1032,0,68788
12,-1032,4,68812
12,-1032,0,68836
12,-1036,-12,68860
8,-1024,-8,68884
8,-1032,-8,68908
4,-1028,-12,68932
16,-1028,-8,68956
8,-1020,0,68980
8,-1028,-20,69003
12,-1020,-12,69027
12,-1024,-4,69051
12,-1028,-16,69075
4,-1024,-4,69102
8,-1016,-4,69126
4,-1024,0,69150
12,-1024,-16,69174
8,-1020,0,69198
8,-1028,4,69222
8,-1028,-8,69246
12,-1028,4,69271
12,-1024,4,69294
12,-1036,-4,69317
12,-1032,-4,69341
8,-1032,4,69365
12,-1032,-4,69390
8,-1040,0,69414
12,-1036,8,69440
12,-1036,4,69463
12,-1040,-4,69487
8,-1032,4,69511
8,-1036,8,69535
8,-1032,12,69559
8,-1028,8,69583
16,-1032,20,69607
12,-1020,8,69631
8,-1032,20,69655
8,-1024,24,69678
20,-1020,16,69706
8,-1020,24,69731
12,-1020,20,69756
16,-1012,16,69780
4,-1020,16,69804
16,-1020,16,69828
8,-1016,8,69852
12,-1016,8,69876
8,-1024,20,69900
16,-1032,12,69923
16,-1020,8,69947
16,-1016,16,69971
12,-1032,12,69995
16,-1032,8,70019
12,-1032,8,70043
8,-1036,12,70067
20,-1040,4,70091
8,-1036,-4,70115
8,-1036,12,70139
16,-1036,-12,70162
12,-1040,-4,70186
8,-1032,8,70210
12,-1028,0,70234
12,-1036,-4,70258
16,-1028,-12,70285
12,-1020,4,70309
12,-1004,-16,70333
16,-1000,-12,70357
8,-1016,0,70381
12,-1012,-20,70405
16,-1016,-12,70429
8,-1020,-12,70453
12,-1016,-16,70476
12,-1024,-4,70500
16,-1044,-4,70524
16,-1056,8,70548
4,-1052,-4,70572
4,-1056,0,70596
12,-1048,0,70620
8,-1076,8,70644
8,-1076,4,70668
12,-1044,-4,70692
8,-1068,12,70715
8,-1040,-4,70739
8,-1036,-4,70763
12,-1036,-4,70787
12,-1032,0,70811
12,-1032,4,70835
12,-1040,4,70859
8,-1028,12,70885
8,-1028,16,70909
12,-1060,8,70933
8,-1060,28,70957
8,-1068,12,70981
12,-1056,12,71005
8,-1044,16,71029
8,-1036,16,71053
12,-1028,4,71076
8,-1024,12,71100
12,-1016,16,71124
8,-1020,12,71148
12,-1020,20,71172
12,-1020,20,71172
12,-1020,0,71196
12,-1020,8,71220
8,-1016,16,71244
12,-1020,8,71268
12,-1024,12,71292
12,-1028,20,71315
12,-1028,4,71339
4,-1028,4,71363
12,-1032,12,71387
8,-1032,-4,71411
16,-1036,-4,71435
8,-1036,12,71462
8,-1044,8,71486
12,-1040,20,71511
12,-1036,0,71536
16,-1036,-4,71560
16,-1040,-4,71584
8,-1040,-4,71608
8,-1032,-8,71632
12,-1032,-4,71656
12,-1028,4,71680
8,-1028,-4,71704
12,-1028,-8,71728
8,-1028,-4,71752
12,-1032,-8,71775
12,-1024,-12,71799
12,-1024,0,71823
8,-1020,-4,71847
16,-1020,-8,71871
4,-1016,-8,71895
12,-1028,-12,71919
12,-1020,-12,71943
12,-1024,-4,71967
8,-1028,-8,71991
12,-1028,4,72014
8,-1028,-4,72042
16,-1028,12,72066
12,-1032,-4,72089
12,-1028,-8,72113
12,-1032,4,72137
12,-1036,-8,72161
16,-1028,4,72185
16,-1028,0,72209
16,-1040,16,72233
20,-1028,4,72257
12,-1036,8,72281
8,-1044,0,72305
12,-1032,12,72328
12,-1036,12,72352
12,-1032,4,72376
12,-1028,8,72400
8,-1032,8,72424
12,-1028,20,72448
12,-1028,12,72472
12,-1020,8,72496
8,-1024,16,72520
12,-1028,20,72544
16,-1020,12,72567
8,-1020,4,72591
16,-1016,4,72615
8,-1024,4,72642
16,-1028,8,72666
16,-1024,0,72690
8,-1028,16,72713
4,-1028,0,72737
12,-1028,8,72761
12,-1028,16,72785
8,-1028,4,72809
12,-1032,16,72833
8,-1036,4,72857
12,-1036,-4,72881
12,-1028,-8,72905
8,-1036,12,72928
8,-1036,-12,72952
20,-1028,0,72976
16,-1040,4,73000
12,-1036,-8,73024
20,-1024,-12,73048
4,-1028,8,73072
12,-1032,-20,73096
8,-1020,-20,73120
12,-1016,-4,73144
20,-1040,-12,73167
8,-1016,4,73191
12,-1036,0,73219
8,-1024,-20,73242
16,-1020,-16,73266
4,-1012,-16,73291
12,-1012,-12,73314
12,-1040,0,73338
12,-1024,-12,73362
16,-1020,0,73386
16,-1032,0,73411
16,-1024,-4,73436
8,-1024,8,73460
12,-1036,4,73484
12,-1028,-4,73508
12,-1044,0,73532
16,-1032,12,73556
8,-1020,0,73580
12,-1036,-4,73604
20,-1032,4,73627
12,-1032,8,73651
8,-1036,12,73675
12,-1032,0,73699
8,-1028,8,73723
12,-1032,8,73747
12,-1036,0,73771
12,-1032,4,73795
16,-1020,8,73822
8,-1028,20,73846
8,-1028,24,73871
20,-1016,12,73894
12,-1028,16,73920
16,-1024,16,73944
16,-1016,16,73968
12,-1020,12,73992
12,-1016,8,74016
12,-1020,12,74040
8,-1024,16,74064
8,-1024,8,74087
8,-1032,8,74111
20,-1020,4,74135
16,-1024,12,74159
12,-1028,12,74183
8,-1032,-8,74207
12,-1028,16,74231
0,-1032,16,74255
16,-1044,-20,74279
8,-1032,4,74303
4,-1040,12,74326
16,-1032,-8,74351
4,-1036,8,74374
16,-1028,4,74401
12,-1036,-4,74425
16,-1028,4,74449
12,-1028,0,74473
16,-1024,-8,74497
8,-1028,4,74521
12,-1028,-12,74545
16,-1020,-4,74569
16,-1024,-12,74593
16,-1020,-8,74617
12,-1024,-4,74640
12,-1028,-8,74664
12,-1028,-8,74688
8,-1020,-4,74712
12,-1032,-8,74736
8,-1032,-4,74760
8,-1032,4,74784
12,-1028,-12,74808
8,-1040,4,74832
12,-1028,0,74855
12,-1028,-4,74879
12,-1036,-4,74903
12,-1032,4,74927
16,-1036,0,74951
12,-1032,-4,74975
16,-1028,4,75002
12,-1024,4,75025
8,-1040,8,75049
12,-1032,8,75073
12,-1032,4,75097
8,-1032,12,75121
8,-1032,8,75145
8,-1032,8,75169
12,-1020,16,75193
12,-1024,0,75217
12,-1024,12,75241
8,-1028,16,75264
8,-1024,16,75288
8,-1016,16,75312
12,-1020,20,75336
12,-1024,12,75360
12,-1012,20,75408
12,-1024,12,75432
16,-1028,8,75456
8,-1012,8,75479
4,-1020,16,75503
8,-1040,4,75527
12,-1024,12,75551
4,-1036,8,75578
12,-1036,0,75602
24,-1020,8,75626
12,-1032,-8,75651
16,-1032,-12,75674
12,-1016,24,75698
12,-1028,24,75722
12,-1032,-20,75746
8,-1032,20,75771
20,-1028,12,75796
16,-1036,-32,75820
12,-1024,-8,75844
8,-1024,12,75868
8,-1032,-28,75892
8,-1020,4,75916
8,-1024,20,75939
16,-1032,-24,75963
16,-1028,-28,75987
12,-1024,-4,76011
8,-1028,-20,76035
12,-1020,-4,76059
12,-1024,0,76083
12,-1020,-8,76131
16,-1028,0,76155
8,-1032,4,76182
8,-1028,0,76206
12,-1028,-8,76231
16,-1028,0,76256
8,-1032,4,76280
20,-1028,-4,76304
12,-1028,0,76328
12,-1028,4,76352
8,-1028,-4,76399
8,-1024,8,76423
16,-1028,4,76447
12,-1028,8,76471
12,-1032,12,76495
8,-1028,16,76519
16,-1032,8,76543
12,-1028,4,76567
16,-1028,4,76591
8,-1028,8,76615
16,-1032,8,76638
12,-1020,12,76662
8,-1028,12,76686
8,-1020,0,76711
4,-1016,16,76734
8,-1024,12,76761
8,-1020,12,76785
12,-1016,12,76809
12,-1016,8,76833
8,-1028,4,76857
12,-1024,12,76881
12,-1020,8,76905
12,-1028,12,76929
12,-1024,12,76952
8,-1032,8,76976
12,-1024,4,77000
12,-1024,8,77024
8,-1028,4,77048
12,-1032,-4,77072
12,-1032,0,77096
8,-1036,0,77120
16,-1036,4,77144
12,-1032,0,77168
12,-1032,-12,77191
12,-1024,-4,77215
12,-1032,4,77239
8,-1028,-4,77263
8,-1036,-4,77287
16,-1036,8,77311
4,-1028,0,77335
16,-1016,-20,77361
4,-1024,-4,77385
8,-1028,0,77409
12,-1028,4,77433
12,-1028,-4,77457
16,-1020,-20,77481
8,-1028,0,77505
16,-1028,-4,77529
12,-1024,0,77553
12,-1024,0,77576
12,-1032,0,77600
8,-1032,-12,77624
8,-1028,0,77648
12,-1028,12,77672
16,-1032,4,77696
12,-1028,-4,77720
12,-1024,4,77744
16,-1032,4,77768
8,-1032,8,77791
20,-1032,8,77815
12,-1028,12,77839
12,-1032,-4,77863
12,-1032,4,77887
12,-1036,8,77911
12,-1036,-8,77938
8,-1032,12,77962
8,-1028,12,77986
16,-1020,12,78011
8,-1028,8,78036
12,-1016,12,78060
12,-1020,8,78084
16,-1028,8,78108
12,-1028,20,78132
8,-1020,8,78156
12,-1024,20,78180
8,-1028,12,78204
12,-1024,8,78228
12,-1024,8,78228
12,-1028,12,78251
8,-1032,0,78275
12,-1012,4,78299
8,-1024,16,78323
4,-1024,0,78347
12,-1024,20,78371
12,-1032,16,78395
12,-1032,-4,78419
8,-1032,4,78443
12,-1028,12,78467
16,-1036,16,78491
4,-1032,8,78518
12,-1032,8,78544
12,-1036,4,78568
16,-1028,-4,78592
8,-1032,8,78616
16,-1032,-12,78640
16,-1032,-8,78664
12,-1016,0,78688
16,-1028,-20,78712
-4,-1020,4,78735
16,-1028,-4,78759
8,-1028,0,78783
12,-1024,-8,78806
16,-1028,-4,78831
8,-1028,-4,78855
20,-1032,-12,78879
16,-1028,-4,78903
12,-1028,4,78927
8,-1024,0,78951
8,-1028,-4,78974
16,-1032,-8,78998
16,-1028,-12,79022
12,-1032,-4,79046
8,-1032,4,79071
8,-1032,0,79097
4,-1032,-8,79121
8,-1028,4,79148
12,-1036,0,79172
12,-1032,4,79195
12,-1032,8,79219
12,-1040,8,79243
8,-1028,12,79267
8,-1024,8,79291
16,-1036,8,79315
16,-1032,4,79339
12,-1032,8,79363
8,-1028,8,79387
12,-1028,-4,79411
12,-1032,8,79438
12,-1024,0,79462
12,-1024,12,79485
16,-1024,12,79509
12,-1024,24,79533
8,-1020,12,79557
12,-1028,16,79581
12,-1024,4,79605
12,-1028,16,79629
12,-1028,8,79653
8,-1020,8,79677
12,-1024,8,79701
12,-1028,-8,79727
16,-1020,12,79751
8,-1028,4,79775
16,-1036,4,79799
8,-1028,8,79823
12,-1032,8,79847
12,-1032,0,79871
12,-1028,-4,79894
12,-1032,0,79850
8,-1028,-8,79874
12,-1024,-8,79898
8,-1028,-4,79922
16,-1024,0,79946
8,-1024,4,79970
12,-1028,-8,79993
8,-1028,0,80017
12,-1028,0,80041
12,-1024,-12,80065
12,-1012,-4,80089
8,-1004,-4,80113
8,-1032,8,80137
8,-1024,-12,80161
12,-1028,-8,80186
16,-1024,-12,80211
16,-1036,4,80235
8,-1032,-4,80261
4,-1032,0,80286
8,-1040,-4,80310
12,-1040,0,80334
16,-1036,4,80358
12,-1032,-4,80382
12,-1040,-4,80406
12,-1024,-4,80430
8,-1020,0,80453
20,-1024,4,80477
16,-1024,8,80500
16,-1028,-4,80525
16,-1028,-4,80549
8,-1028,8,80573
8,-1032,4,80597
8,-1028,0,80621
12,-1028,8,80646
20,-1024,0,80671
12,-1024,16,80695
16,-1024,-4,80719
4,-1032,8,80743
12,-1036,12,80767
12,-1032,16,80791
12,-1024,12,80815
12,-1040,12,80838
12,-1032,12,80866
12,-1004,12,80890
8,-1036,8,80914
16,-1028,12,80937
12,-1020,0,80961
16,-1024,16,80985
12,-1016,4,81009
16,-1020,4,81033
12,-1024,8,81057
8,-1024,0,81081
16,-1028,4,81106
12,-1024,0,81131
12,-1024,8,81155
12,-1028,4,81179
20,-1028,0,81203
12,-1024,4,81227
16,-1028,12,81251
16,-1028,-4,81275
12,-1028,0,81298
16,-1040,0,81322
8,-1004,0,81346
8,-1028,-4,81370
8,-1032,-8,81394
12,-1024,0,81418
12,-1028,-8,81445
8,-1028,4,81469
16,-1024,-16,81493
8,-1028,-8,81517
12,-1028,0,81541
12,-1024,8,81566
16,-1028,-8,81591
16,-1024,-4,81615
8,-1024,4,81639
12,-1016,-8,81663
12,-1024,-4,81687
16,-1024,0,81711
12,-1028,4,81735
4,-1036,0,81758
12,-1016,-16,81782
4,-1028,4,81806
12,-1024,-4,81830
4,-1032,-12,81854
4,-1024,8,81878
12,-1036,12,81902
12,-1032,4,81926
8,-1028,4,81950
16,-1032,0,81974
12,-1024,12,81997
16,-1028,0,82021
8,-1024,12,82049
12,-1020,-4,82072
16,-1024,12,82096
8,-1028,16,82120
16,-1024,8,82144
4,-1032,4,82168
12,-1020,8,82192
12,-1020,16,82216
8,-1032,16,82240
12,-1032,12,82264
4,-1028,16,82288
16,-1028,0,82311
16,-1024,8,82335
16,-1028,12,82359
16,-1028,-4,82383
4,-1028,16,82407
12,-1028,8,82431
8,-1028,0,82455
8,-1036,8,82479
16,-1016,4,82503
8,-1028,0,82527
12,-1036,12,82574
12,-1024,4,82598
16,-1020,-12,82622
8,-1028,8,82649
12,-1028,-20,82673
12,-1032,-12,82696
8,-1024,8,82720
8,-1028,0,82744
12,-1032,4,82768
12,-1028,8,82792
12,-1036,0,82816
12,-1020,-4,82840
16,-1028,-8,82864
12,-1024,8,82888
12,-1028,-8,82912
12,-1032,4,82935
12,-1024,0,82959
8,-1032,-12,82982
16,-1028,4,83007
8,-1032,-4,83031
4,-1028,0,83055
4,-1024,4,83079
16,-1024,4,83103
16,-1028,-4,83127
8,-1020,0,83150
16,-1016,8,83174
12,-1032,4,83198
12,-1020,-4,83226
12,-1032,12,83249
12,-1032,12,83273
8,-1028,4,83297
8,-1036,4,83321
8,-1032,0,83346
12,-1020,4,83372
12,-1032,0,83395
8,-1032,0,83419
12,-1028,8,83443
16,-1028,4,83467
16,-1028,16,83491
12,-1020,4,83515
12,-1028,12,83539
8,-1028,8,83563
12,-1020,12,83587
12,-1028,4,83611
12,-1020,8,83634
4,-1024,12,83658
12,-1024,8,83682
16,-1024,16,83706
4,-1024,4,83730
16,-1020,8,83754
16,-1028,4,83778
12,-1020,4,83802
16,-1024,0,83829
12,-1028,0,83853
12,-1028,-4,83877
8,-1036,4,83901
8,-1024,16,83925
8,-1028,-4,83948
8,-1028,0,83972
12,-1028,8,83996
8,-1020,-4,84020
12,-1036,-4,84044
8,-1024,-12,84068
4,-1028,4,84092
16,-1032,-4,84116
12,-1024,-4,84140
12,-1036,8,84163
12,-1024,0,84187
8,-1024,4,84211
12,-1028,0,84235
8,-1028,-4,84259
8,-1016,-4,84283
16,-988,-8,84307
12,-1020,8,84331
12,-1016,0,84355
16,-1020,8,84379
12,-1036,-4,84402
16,-1028,0,84432
12,-1020,8,84456
12,-1028,8,84480
12,-1032,4,84504
8,-1028,0,84528
12,-1028,-4,84552
12,-1032,-8,84576
16,-1044,0,84600
8,-1028,8,84624
8,-1032,8,84647
8,-1032,0,84671
12,-1020,4,84695
20,-1024,-4,84719
16,-1024,4,84743
8,-1044,12,84767
12,-1036,4,84791
12,-1040,8,84815
12,-1028,4,84839
16,-1020,0,84862
4,-1024,8,84886
12,-1012,4,84910
12,-1028,0,84934
16,-1016,4,84958
12,-1024,16,84982
12,-1016,0,85008
8,-1020,12,85032
12,-1024,8,85056
16,-1024,8,85080
12,-1028,4,85104
8,-1024,8,85128
12,-1024,8,85152
16,-1024,-4,85176
16,-1024,8,85200
16,-1020,16,85224
12,-1028,0,85247
12,-1028,8,85271
16,-1028,8,85295
12,-1024,-12,85319
12,-1024,-4,85343
12,-1036,8,85367
8,-1028,0,85391
12,-1028,4,85415
12,-1032,8,85439
12,-1032,-4,85463
8,-1028,0,85486
12,-1024,-4,85510
8,-1028,0,85534
4,-1028,0,85558
16,-1024,-12,85582
12,-1024,-8,85609
12,-1028,4,85633
8,-1028,0,85657
8,-1024,-4,85681
8,-1024,8,85706
8,-1028,0,85731
12,-1028,-12,85755
12,-1028,-4,85779
12,-1024,0,85803
16,-1028,0,85827
8,-1024,0,85851
8,-1020,4,85875
8,-1028,4,85899
12,-1028,4,85923
12,-1024,4,85946
12,-1024,4,85970
12,-1036,4,85994
8,-1024,-4,86018
16,-1036,4,86042
12,-1024,4,86066
8,-1028,4,86090
12,-1028,0,86114
8,-1028,8,86138
8,-1032,8,86162
8,-1024,8,86185
16,-1028,0,86213
16,-1028,16,86237
16,-1024,8,86260
20,-1028,8,86284
16,-1028,12,86308
12,-1028,8,86332
16,-1028,4,86356
12,-1032,8,86380
12,-1032,4,86404
12,-1032,8,86428
12,-1028,8,86452
4,-1024,4,86475
12,-1020,8,86499
12,-1024,8,86523
8,-1028,0,86547
8,-1028,4,86571
16,-1020,12,86595
12,-1028,-4,86619
8,-1024,4,86643
20,-1024,4,86667
16,-1032,4,86691
8,-1032,4,86714
12,-1028,4,86738
12,-1028,4,86762
16,-1028,-8,86792
12,-1032,8,86816
16,-1032,-4,86840
12,-1024,8,86864
12,-1028,-4,86888
12,-1028,-12,86912
12,-1028,-8,86936
16,-1032,4,86959
12,-1028,-4,86983
16,-1024,-4,87007
12,-1024,-4,87031
12,-1016,4,87055
12,-1024,-12,87079
12,-1024,4,87103
12,-1028,-8,87127
12,-1024,-8,87151
8,-1028,-4,87174
12,-1024,0,87198
20,-1020,0,87222
8,-1028,4,87246
16,-1028,8,87270
16,-1028,0,87294
12,-1024,0,87318
8,-1032,8,87342
12,-1020,8,87366
12,-1024,0,87392
12,-1016,-4,87416
12,-1028,-4,87440
16,-1028,-4,87464
12,-1028,4,87488
12,-1020,8,87512
8,-1028,0,87536
16,-1028,12,87559
16,-1028,12,87583
12,-1032,12,87607
20,-1024,8,87631
8,-1032,0,87655
12,-1028,8,87679
4,-1028,12,87703
12,-1024,8,87727
8,-1024,0,87751
12,-1020,4,87775
16,-1028,12,87798
8,-1024,0,87822
8,-1024,8,87846
12,-1024,4,87870
8,-1020,0,87894
8,-1024,0,87918
16,-1024,12,87942
12,-1020,4,87966
12,-1020,8,87993
20,-1024,4,88017
12,-1028,4,88041
12,-1024,0,88065
12,-1028,4,88089
8,-1024,0,88112
8,-1028,-8,88136
12,-1024,8,88160
12,-1032,4,88184
12,-1028,-4,88208
8,-1028,-4,88232
8,-1020,-8,88256
8,-1028,4,88280
8,-1024,-4,88304
12,-1028,-12,88327
16,-1028,0,88351
8,-1024,-8,88375
16,-1020,4,88398
8,-1016,-4,88423
12,-1024,0,88447
8,-1032,-8,88471
16,-1020,-8,88495
8,-1020,0,88519
12,-1024,0,88543
12,-1024,0,88569
16,-1024,0,88593
12,-1020,4,88617
16,-1028,4,88641
12,-1020,-4,88665
16,-1024,0,88689
16,-1020,4,88712
8,-1024,4,88736
16,-1024,4,88760
12,-1028,4,88784
16,-1032,0,88808
16,-1032,0,88832
12,-1028,-4,88855
8,-1024,4,88880
12,-1032,12,88904
12,-1028,4,88928
12,-1032,12,88951
12,-1028,4,88975
8,-1028,4,88999
8,-1028,16,89023
12,-1028,4,89047
12,-1024,0,89071
8,-1028,-4,89095
8,-1024,0,89119
8,-1024,4,89143
16,-1028,12,89170
12,-1024,16,89194
8,-1024,8,89218
12,-1028,4,89242
12,-1024,4,89266
8,-1024,8,89292
16,-1024,4,89316
8,-1028,16,89340
12,-1032,4,89364
12,-1028,4,89388
12,-1028,8,89411
12,-1028,0,89435
12,-1024,4,89459
8,-1024,0,89483
8,-1020,0,89507
8,-1028,0,89531
12,-1028,0,89555
8,-1028,4,89579
12,-1028,-8,89603
20,-1028,4,89627
12,-1032,-8,89650
12,-1024,-4,89674
12,-1028,12,89698
20,-1020,-4,89722
8,-1028,4,89746
16,-1008,4,89773
12,-1028,-4,89797
8,-1028,-4,89821
8,-1012,-12,89846
4,-1032,-8,89871
8,-1020,-4,89895
12,-1024,-8,89919
8,-1020,4,89943
16,-1032,-4,89967
4,-1028,-4,89991
12,-1032,0,90015
16,-1028,4,90039
12,-1028,0,90063
12,-1020,8,90087
8,-1032,0,90110
8,-1028,4,90134
8,-1028,4,90158
12,-1028,0,90182
12,-1028,8,90206
16,-1028,0,90230
8,-1028,0,90254
12,-1028,8,90278
8,-1032,8,90302
12,-1032,4,90326
12,-1028,8,90355
12,-1024,0,90379
12,-1024,8,90403
12,-1028,0,90427
16,-1024,8,90451
16,-1024,12,90475
8,-1028,8,90499
12,-1024,4,90523
16,-1024,0,90547
8,-1028,8,90570
12,-1024,12,90594
16,-1028,8,90618
20,-1028,4,90642
16,-1024,4,90666
16,-1024,0,90690
12,-1024,4,90714
8,-1028,0,90738
8,-1028,8,90762
12,-1024,4,90786
8,-1028,0,90813
4,-1028,16,90837
4,-1032,4,90861
12,-1016,-4,90884
12,-1024,-4,90908
12,-1036,-4,90932
12,-1016,0,90959
16,-1004,0,90983
8,-1012,4,91007
12,-1020,8,91030
12,-1028,-4,91054
12,-1024,0,91078
8,-1028,-4,91102
16,-1024,-16,91126
12,-1028,-4,91150
12,-1028,4,91174
4,-1028,-4,91198
16,-1032,-4,91222
8,-1028,8,91246
12,-1028,-8,91269
12,-1012,8,91293
12,-1020,-4,91317
12,-1024,-12,91341
16,-1028,4,91366
8,-1024,-4,91392
8,-1024,4,91416
8,-1024,-4,91440
12,-1028,4,91464
12,-1024,-4,91488
8,-1032,-4,91512
16,-1020,4,91536
20,-1028,8,91562
12,-1020,0,91586
16,-1032,8,91610
8,-1020,-4,91634
12,-1028,8,91658
12,-1024,-4,91682
16,-1028,8,91706
8,-1024,4,91732
8,-1032,4,91757
8,-1028,0,91781
12,-1028,8,91804
12,-1020,4,91828
12,-1028,8,91852
8,-1024,16,91876
8,-1032,0,91900
8,-1024,4,91924
16,-1028,8,91948
8,-1024,4,91972
16,-1028,16,91996
4,-1032,0,92019
12,-1024,12,92043
8,-1032,4,92067
12,-1028,0,92091
12,-1024,8,92115
12,-1032,0,92142
12,-1028,4,92166
16,-1028,12,92193
8,-1028,-4,92217
12,-1024,4,92241
12,-1024,8,92264
16,-1028,-4,92288
16,-1024,-4,92312
12,-1024,0,92336
16,-1028,-4,92360
8,-1028,4,92384
16,-1020,8,92408
8,-1020,-4,92432
12,-1024,0,92456
12,-1020,4,92479
12,-1032,8,92503
4,-1024,0,92527
16,-1028,-4,92551
4,-1020,-4,92575
12,-1024,-4,92599
12,-1024,-4,92623
16,-1024,4,92647
12,-1024,-4,92671
8,-1032,-4,92695
8,-1024,0,92718
12,-1020,4,92747
12,-1024,0,92770
4,-1024,-4,92796
12,-1024,4,92820
8,-1024,4,92844
16,-1024,0,92868
12,-1028,4,92892
8,-1024,16,92916
12,-1028,8,92940
12,-1028,4,92963
16,-1028,8,92986
4,-1020,12,93011
12,-1028,0,93035
12,-1024,8,93059
20,-1028,8,93083
12,-1028,4,93107
16,-1028,4,93131
20,-1024,12,93155
8,-1024,8,93178
8,-1028,4,93202
8,-1044,0,93226
16,-1032,8,93250
4,-1028,12,93274
12,-1024,4,93298
8,-1028,4,93324
4,-1024,12,93348
4,-1024,4,93372
12,-1028,4,93396
16,-1028,8,93420
12,-1024,4,93444
12,-1024,4,93468
16,-1028,0,93492
8,-1024,-28,93516
12,-1020,0,93540
12,-1028,0,93563
12,-1024,0,93587
8,-1020,8,93611
8,-1028,0,93635
16,-1024,4,93659
8,-1028,4,93683
12,-1028,4,93707
12,-1024,-8,93731
12,-1024,4,93755
8,-1028,12,93779
12,-1024,-4,93802
8,-1024,0,93826
8,-1024,8,93850
8,-1028,-4,93874
12,-1020,-12,93898
12,-1012,8,93926
12,-1024,0,93949
12,-1020,-8,93973
8,-1024,4,93997
12,-1020,4,94021
12,-1024,4,94045
12,-1028,0,94069
12,-1024,4,94093
8,-1024,4,94116
12,-1028,0,94140
12,-1028,8,94164
12,-1020,4,94188
12,-1028,0,94212
12,-1020,4,94236
16,-1024,4,94260
16,-1028,0,94284
16,-1028,0,94308
16,-1024,4,94332
12,-1028,-8,94355
16,-1024,8,94379
12,-1020,0,94403
12,-1028,0,94427
8,-1008,0,94451
12,-1012,4,94475
16,-1012,8,94499
4,-1020,12,94526
12,-1028,8,94549
8,-1020,0,94573
8,-1020,8,94597
12,-1024,0,94621
12,-1024,-4,94645
12,-1028,-4,94669
16,-1028,8,94693
16,-1028,8,94717
12,-1028,0,94740
8,-1020,0,94764
16,-1024,4,94788
16,-1028,0,94812
12,-1024,0,94836
8,-1032,0,94860
12,-1028,0,94884
8,-1024,8,94908
12,-1024,-8,94932
8,-1028,4,94955
12,-1024,4,94979
16,-1024,0,95003
12,-1024,4,95027
12,-1024,-4,95051
12,-1024,4,95075
8,-1024,0,95102
12,-1024,12,95126
16,-1024,16,95150
12,-1024,-4,95174
8,-1020,4,95198
12,-1024,-4,95222
8,-1020,4,95247
12,-1024,-4,95272
16,-1024,-4,95296
12,-1024,4,95320
8,-1020,0,95344
8,-1028,0,95368
12,-1024,-8,95392
8,-1016,-4,95416
16,-1028,4,95439
12,-1024,0,95463
12,-1024,4,95487
8,-1028,-4,95511
12,-1028,4,95535
20,-1028,0,95559
16,-1024,4,95583
12,-1028,-4,95607
8,-1024,0,95631
16,-1028,0,95678
8,-1032,12,95707
8,-1024,8,95732
12,-1028,4,95756
4,-1028,-4,95780
20,-1028,4,95804
20,-1028,0,95828
12,-1024,8,95852
12,-1028,4,95876
16,-1028,4,95899
8,-1032,0,95923
16,-1024,4,95947
4,-1028,8,95971
8,-1024,0,95995
12,-1020,4,96019
12,-1028,8,96043
8,-1028,4,96067
16,-1024,4,96091
16,-1028,4,96114
16,-1032,0,96138
12,-1028,8,96162
12,-1024,8,96186
12,-1024,12,96210
16,-1028,8,96234
12,-1028,0,96258
16,-1032,0,96282
12,-1020,4,96309
12,-1024,-4,96333
20,-1024,8,96357
8,-1024,4,96381
16,-1024,0,96405
12,-1024,4,96428
12,-1024,0,96452
16,-1024,4,96476
8,-1016,4,96500
12,-1028,-4,96524
8,-1028,0,96548
8,-1032,-4,96572
4,-1024,4,96596
16,-1024,-8,96620
12,-1028,-4,96644
8,-1020,0,96667
12,-1028,-8,96690
12,-1032,4,96715
12,-1028,0,96739
16,-1020,0,96763
12,-1028,-8,96787
12,-1024,-4,96811
12,-1024,-4,96835
20,-1024,4,96859
8,-1032,0,96885
12,-1032,-4,96909
20,-1028,4,96933
24,-1028,4,96957
8,-1028,8,96981
8,-1020,4,97005
12,-1024,8,97029
12,-1028,-4,97052
12,-1020,0,97076
12,-1028,8,97100
8,-1024,4,97124
8,-1024,4,97148
16,-1032,8,97172
12,-1028,12,97196
12,-1020,0,97220
16,-1028,8,97244
12,-1028,4,97267
12,-1024,0,97291
16,-1028,8,97315
16,-1024,0,97338
8,-1028,4,97363
12,-1028,-4,97387
8,-1028,4,97411
8,-1032,12,97435
8,-1024,4,97459
12,-1032,8,97487
12,-1020,8,97512
16,-1020,4,97536
16,-1024,16,97560
12,-1024,0,97584
16,-1024,0,97608
4,-1020,0,97632
16,-1024,0,97656
8,-1028,0,97680
8,-1028,0,97704
12,-1032,0,97727
12,-1028,4,97751
12,-1020,12,97775
12,-1024,0,97799
8,-1028,16,97823
12,-1024,0,97847
12,-1032,4,97871
16,-1020,4,97895
12,-1028,-4,97919
12,-1032,-4,97943
12,-1032,4,97966
8,-1024,-4,97990
8,-1028,4,98014
16,-1024,0,98038
12,-1024,-4,98062
12,-1028,-4,98089
16,-1024,4,98113
8,-1036,4,98137
8,-1028,4,98161
12,-1032,4,98185
12,-1024,8,98209
12,-1016,4,98233
20,-1020,-4,98257
16,-1020,0,98280
12,-1020,-4,98303
16,-1024,0,98328
16,-1020,0,98352
8,-1024,0,98376
12,-1024,8,98400
12,-1032,8,98424
8,-1024,4,98448
12,-1028,0,98472
8,-1028,8,98495
16,-1024,4,98519
8,-1024,8,98542
12,-1032,0,98567
12,-1020,4,98591
8,-1024,0,98615
12,-1028,-4,98639
12,-1028,4,98666
12,-1024,4,98689
12,-1024,0,98713
8,-1028,12,98737
8,-1032,-4,98761
12,-1024,4,98785
8,-1024,4,98809
12,-1040,0,98833
12,-1032,-4,98857
8,-1024,0,98881
16,-1032,4,98904
12,-1028,12,98928
12,-1020,-4,98952
8,-1028,-4,98976
12,-1028,0,99000
16,-1028,8,99024
8,-1028,0,99048
8,-1024,0,99072
8,-1032,0,99096
16,-1036,8,99119
12,-1032,0,99143
12,-1028,4,99167
12,-1024,8,99191
12,-1020,4,99215
16,-1028,12,99239
12,-1020,-8,99266
12,-1032,4,99290
12,-1024,-4,99314
12,-1028,4,99338
12,-1028,-4,99361
12,-1036,8,99387
12,-1032,-4,99412
8,-1024,8,99436
12,-1028,-4,99460
12,-1028,12,99484
12,-1020,8,99508
20,-1028,8,99532
16,-1020,4,99556
8,-1016,8,99579
12,-1032,-4,99603
8,-1020,4,99627
16,-1028,0,99651
16,-1028,4,99675
16,-1028,4,99699
8,-1028,-8,99723
12,-1024,-4,99747
12,-1024,0,99771
12,-1024,4,99795
16,-1024,4,99818
8,-1024,8,99842
12,-1024,-8,99870
16,-1032,4,99893
12,-1024,8,99917
12,-1032,-4,99941
16,-1028,4,99965
8,-1028,12,99989
16,-1032,4,100013
16,-1024,4,100037
12,-1024,4,100061
16,-1036,-4,100085
20,-1024,0,100109
16,-1016,0,100132
12,-1024,4,100156
8,-1024,-16,100180
12,-1032,4,100204
16,-1028,0,100228
12,-1032,4,100252
12,-1028,0,100276
12,-1028,0,100300
20,-1020,4,100347
8,-1028,0,100371
8,-1020,4,100394
12,-1024,4,100419
12,-1016,4,100447
8,-1020,12,100470
16,-1028,-4,100494
8,-1024,0,100517
16,-1028,4,100565
8,-1024,8,100589
12,-1020,8,100613
8,-1028,4,100637
12,-1028,4,100661
16,-1024,-12,100685
8,-1024,-4,100709
4,-1028,-4,100733
16,-1028,8,100756
12,-1016,4,100780
12,-1032,0,100804
20,-1020,4,100828
12,-1028,8,100852
16,-1024,8,100876
16,-1032,0,100900
12,-1024,-8,100924
12,-1028,4,100948
12,-1024,4,100971
8,-1020,4,100995
12,-1012,8,101023
12,-1032,4,101047
4,-1024,12,101070
12,-1028,8,101094
4,-1024,4,101118
12,-1028,-4,101142
16,-1028,8,101167
12,-1028,8,101191
12,-1036,-8,101216
8,-1040,8,101240
12,-1028,-4,101264
16,-1028,12,101288
12,-1028,-4,101312
12,-1020,4,101336
12,-1020,0,101360
12,-1036,4,101384
12,-1036,12,101408
12,-1040,0,101431
16,-1028,0,101455
8,-1040,8,101479
12,-1028,8,101503
8,-1028,8,101527
12,-1024,8,101551
8,-1020,-4,101575
12,-1020,4,101599
12,-1012,0,101627
8,-1032,-12,101653
12,-1020,8,101676
12,-1052,0,101700
12,-1012,8,101724
8,-1056,4,101748
8,-1040,8,101772
8,-1028,4,101796
12,-1024,-4,101820
12,-1028,0,101844
12,-1028,0,101868
16,-1024,0,101892
12,-1036,0,101915
12,-1028,0,101939
16,-1036,4,101963
12,-1028,12,101987
8,-1028,8,102011
12,-1024,8,102035
8,-1020,-8,102059
8,-1024,8,102083
12,-1016,4,102107
8,-1028,4,102130
12,-1032,4,102154
12,-1024,8,102178
12,-1024,4,102206
8,-1028,4,102229
8,-1020,0,102253
8,-1020,0,102253
8,-1024,4,102277
8,-1032,0,102301
12,-1024,0,102325
12,-1024,-4,102349
12,-1024,0,102373
12,-1020,8,102397
12,-1032,0,102421
12,-1028,4,102444
16,-1024,0,102468
12,-1024,8,102492
4,-1020,-4,102516
12,-1024,-4,102540
12,-1016,0,102564
12,-1024,0,102588
4,-1024,8,102612
4,-1024,0,102636
16,-1024,-4,102660
16,-1028,8,102683
12,-1028,0,102707
8,-1032,4,102731
12,-1028,-4,102754
16,-1024,0,102782
8,-1028,-4,102806
8,-1020,4,102829
12,-1028,4,102853
12,-1024,8,102877
8,-1024,4,102901
8,-1024,0,102925
4,-1048,72,102949
16,-1028,32,102973
8,-1032,-24,102997
12,-1020,-8,103021
16,-1024,12,103045
12,-1024,-8,103068
16,-1016,4,103092
8,-1032,24,103116
8,-1028,-68,103140
-4,-1032,-160,103164
28,-1036,-72,103188
4,-1040,96,103212
12,-1028,156,103236
176,-992,172,103260
-56,-1008,-152,103283
4,-1032,72,103307
-12,-1028,-28,103331
-4,-1020,-104,103355
0,-1032,36,103381
16,-1036,20,103407
-4,-1028,-40,103454
36,-1064,60,103478
-4,-932,136,103502
72,-1040,8,103527
